[
   {
      "domain":null,
      "method":"GET|HEAD",
      "uri":"\/",
      "name":null,
      "action":"App\\Http\\Controllers\\HomeController@index",
      "middleware":"web"
   },
   {
      "domain":null,
      "method":"GET|HEAD|POST|PUT|PATCH|DELETE|OPTIONS",
      "uri":"account\/index",
      "name":"account.index",
      "action":"App\\Http\\Controllers\\AccountController@index",
      "middleware":"web\nauth\naccountGuard"
   },
   {
      "domain":null,
      "method":"GET|HEAD|POST|PUT|PATCH|DELETE|OPTIONS",
      "uri":"account\/passwordChange",
      "name":"account.passwordChange",
      "action":"App\\Http\\Controllers\\AccountController@passwordChange",
      "middleware":"web\nauth\naccountGuard"
   },
   {
      "domain":null,
      "method":"GET|HEAD|POST|PUT|PATCH|DELETE|OPTIONS",
      "uri":"account\/reservationDetails",
      "name":"account.reservationDetails",
      "action":"App\\Http\\Controllers\\AccountController@reservationDetails",
      "middleware":"web\nauth\naccountGuard"
   },
   {
      "domain":null,
      "method":"GET|HEAD|POST|PUT|PATCH|DELETE|OPTIONS",
      "uri":"account\/reservations",
      "name":"account.reservations",
      "action":"App\\Http\\Controllers\\AccountController@reservations",
      "middleware":"web\nauth\naccountGuard"
   },
   {
      "domain":null,
      "method":"GET|HEAD|POST|PUT|PATCH|DELETE|OPTIONS",
      "uri":"account\/update",
      "name":"account.update",
      "action":"App\\Http\\Controllers\\AccountController@update",
      "middleware":"web\nauth\naccountGuard"
   },
   {
      "domain":null,
      "method":"GET|HEAD",
      "uri":"api\/user",
      "name":null,
      "action":"Closure",
      "middleware":"api\nauth:api"
   },
   {
      "domain":null,
      "method":"GET|HEAD",
      "uri":"dashboard",
      "name":"dashboard",
      "action":"App\\Http\\Controllers\\AdminController@index",
      "middleware":"web\nauth\npanelGuard"
   },
   {
      "domain":null,
      "method":"GET|HEAD|POST|PUT|PATCH|DELETE|OPTIONS",
      "uri":"dashboard\/logs",
      "name":"logs",
      "action":"App\\Http\\Controllers\\AdminController@logs",
      "middleware":"web\nauth\npanelGuard"
   },
   {
      "domain":null,
      "method":"GET|HEAD",
      "uri":"fueltype",
      "name":"fueltype.index",
      "action":"App\\Http\\Controllers\\FueltypeController@index",
      "middleware":"web\nauth\npanelGuard"
   },
   {
      "domain":null,
      "method":"POST",
      "uri":"fueltype",
      "name":"fueltype.store",
      "action":"App\\Http\\Controllers\\FueltypeController@store",
      "middleware":"web\nauth\npanelGuard"
   },
   {
      "domain":null,
      "method":"GET|HEAD",
      "uri":"fueltype\/create",
      "name":"fueltype.create",
      "action":"App\\Http\\Controllers\\FueltypeController@create",
      "middleware":"web\nauth\npanelGuard"
   },
   {
      "domain":null,
      "method":"GET|HEAD",
      "uri":"fueltype\/{fueltype}",
      "name":"fueltype.show",
      "action":"App\\Http\\Controllers\\FueltypeController@show",
      "middleware":"web\nauth\npanelGuard"
   },
   {
      "domain":null,
      "method":"PUT|PATCH",
      "uri":"fueltype\/{fueltype}",
      "name":"fueltype.update",
      "action":"App\\Http\\Controllers\\FueltypeController@update",
      "middleware":"web\nauth\npanelGuard"
   },
   {
      "domain":null,
      "method":"DELETE",
      "uri":"fueltype\/{fueltype}",
      "name":"fueltype.destroy",
      "action":"App\\Http\\Controllers\\FueltypeController@destroy",
      "middleware":"web\nauth\npanelGuard"
   },
   {
      "domain":null,
      "method":"GET|HEAD",
      "uri":"fueltype\/{fueltype}\/edit",
      "name":"fueltype.edit",
      "action":"App\\Http\\Controllers\\FueltypeController@edit",
      "middleware":"web\nauth\npanelGuard"
   },
   {
      "domain":null,
      "method":"POST",
      "uri":"geartype",
      "name":"geartype.store",
      "action":"App\\Http\\Controllers\\GeartypeController@store",
      "middleware":"web\nauth\npanelGuard"
   },
   {
      "domain":null,
      "method":"GET|HEAD",
      "uri":"geartype",
      "name":"geartype.index",
      "action":"App\\Http\\Controllers\\GeartypeController@index",
      "middleware":"web\nauth\npanelGuard"
   },
   {
      "domain":null,
      "method":"GET|HEAD",
      "uri":"geartype\/create",
      "name":"geartype.create",
      "action":"App\\Http\\Controllers\\GeartypeController@create",
      "middleware":"web\nauth\npanelGuard"
   },
   {
      "domain":null,
      "method":"PUT|PATCH",
      "uri":"geartype\/{geartype}",
      "name":"geartype.update",
      "action":"App\\Http\\Controllers\\GeartypeController@update",
      "middleware":"web\nauth\npanelGuard"
   },
   {
      "domain":null,
      "method":"GET|HEAD",
      "uri":"geartype\/{geartype}",
      "name":"geartype.show",
      "action":"App\\Http\\Controllers\\GeartypeController@show",
      "middleware":"web\nauth\npanelGuard"
   },
   {
      "domain":null,
      "method":"DELETE",
      "uri":"geartype\/{geartype}",
      "name":"geartype.destroy",
      "action":"App\\Http\\Controllers\\GeartypeController@destroy",
      "middleware":"web\nauth\npanelGuard"
   },
   {
      "domain":null,
      "method":"GET|HEAD",
      "uri":"geartype\/{geartype}\/edit",
      "name":"geartype.edit",
      "action":"App\\Http\\Controllers\\GeartypeController@edit",
      "middleware":"web\nauth\npanelGuard"
   },
   {
      "domain":null,
      "method":"GET|HEAD",
      "uri":"home",
      "name":"home",
      "action":"App\\Http\\Controllers\\HomeController@index",
      "middleware":"web"
   },
   {
      "domain":null,
      "method":"GET|HEAD",
      "uri":"home\/about",
      "name":"about",
      "action":"App\\Http\\Controllers\\HomeController@about",
      "middleware":"web"
   },
   {
      "domain":null,
      "method":"GET|HEAD",
      "uri":"home\/offices",
      "name":"offices",
      "action":"App\\Http\\Controllers\\HomeController@offices",
      "middleware":"web"
   },
   {
      "domain":null,
      "method":"GET|HEAD",
      "uri":"home\/reservation",
      "name":"home.reservation",
      "action":"App\\Http\\Controllers\\HomeController@reservation",
      "middleware":"web"
   },
   {
      "domain":null,
      "method":"POST",
      "uri":"home\/reservation\/checkout",
      "name":"home.reservation.checkout",
      "action":"App\\Http\\Controllers\\HomeController@checkout",
      "middleware":"web"
   },
   {
      "domain":null,
      "method":"GET|HEAD",
      "uri":"home\/reservation\/checkout_",
      "name":"home.reservation.checkout_",
      "action":"App\\Http\\Controllers\\HomeController@getCheckoutForm",
      "middleware":"web"
   },
   {
      "domain":null,
      "method":"GET|HEAD",
      "uri":"home\/vehicles",
      "name":"vehicles",
      "action":"App\\Http\\Controllers\\HomeController@vehicles",
      "middleware":"web"
   },
   {
      "domain":null,
      "method":"GET|HEAD",
      "uri":"login",
      "name":"login",
      "action":"App\\Http\\Controllers\\Auth\\LoginController@showLoginForm",
      "middleware":"web\nguest"
   },
   {
      "domain":null,
      "method":"POST",
      "uri":"login",
      "name":null,
      "action":"App\\Http\\Controllers\\Auth\\LoginController@login",
      "middleware":"web\nguest"
   },
   {
      "domain":null,
      "method":"POST",
      "uri":"logout",
      "name":"logout",
      "action":"App\\Http\\Controllers\\Auth\\LoginController@logout",
      "middleware":"web"
   },
   {
      "domain":null,
      "method":"POST",
      "uri":"office",
      "name":"office.store",
      "action":"App\\Http\\Controllers\\OfficeController@store",
      "middleware":"web\nauth\npanelGuard"
   },
   {
      "domain":null,
      "method":"GET|HEAD",
      "uri":"office",
      "name":"office.index",
      "action":"App\\Http\\Controllers\\OfficeController@index",
      "middleware":"web\nauth\npanelGuard"
   },
   {
      "domain":null,
      "method":"GET|HEAD",
      "uri":"office\/create",
      "name":"office.create",
      "action":"App\\Http\\Controllers\\OfficeController@create",
      "middleware":"web\nauth\npanelGuard"
   },
   {
      "domain":null,
      "method":"DELETE",
      "uri":"office\/{office}",
      "name":"office.destroy",
      "action":"App\\Http\\Controllers\\OfficeController@destroy",
      "middleware":"web\nauth\npanelGuard"
   },
   {
      "domain":null,
      "method":"PUT|PATCH",
      "uri":"office\/{office}",
      "name":"office.update",
      "action":"App\\Http\\Controllers\\OfficeController@update",
      "middleware":"web\nauth\npanelGuard"
   },
   {
      "domain":null,
      "method":"GET|HEAD",
      "uri":"office\/{office}",
      "name":"office.show",
      "action":"App\\Http\\Controllers\\OfficeController@show",
      "middleware":"web\nauth\npanelGuard"
   },
   {
      "domain":null,
      "method":"GET|HEAD",
      "uri":"office\/{office}\/edit",
      "name":"office.edit",
      "action":"App\\Http\\Controllers\\OfficeController@edit",
      "middleware":"web\nauth\npanelGuard"
   },
   {
      "domain":null,
      "method":"POST",
      "uri":"password\/confirm",
      "name":null,
      "action":"App\\Http\\Controllers\\Auth\\ConfirmPasswordController@confirm",
      "middleware":"web\nauth"
   },
   {
      "domain":null,
      "method":"GET|HEAD",
      "uri":"password\/confirm",
      "name":"password.confirm",
      "action":"App\\Http\\Controllers\\Auth\\ConfirmPasswordController@showConfirmForm",
      "middleware":"web\nauth"
   },
   {
      "domain":null,
      "method":"POST",
      "uri":"password\/email",
      "name":"password.email",
      "action":"App\\Http\\Controllers\\Auth\\ForgotPasswordController@sendResetLinkEmail",
      "middleware":"web"
   },
   {
      "domain":null,
      "method":"POST",
      "uri":"password\/reset",
      "name":"password.update",
      "action":"App\\Http\\Controllers\\Auth\\ResetPasswordController@reset",
      "middleware":"web"
   },
   {
      "domain":null,
      "method":"GET|HEAD",
      "uri":"password\/reset",
      "name":"password.request",
      "action":"App\\Http\\Controllers\\Auth\\ForgotPasswordController@showLinkRequestForm",
      "middleware":"web"
   },
   {
      "domain":null,
      "method":"GET|HEAD",
      "uri":"password\/reset\/{token}",
      "name":"password.reset",
      "action":"App\\Http\\Controllers\\Auth\\ResetPasswordController@showResetForm",
      "middleware":"web"
   },
   {
      "domain":null,
      "method":"GET|HEAD|POST|PUT|PATCH|DELETE|OPTIONS",
      "uri":"profileEdit",
      "name":"profileEdit",
      "action":"App\\Http\\Controllers\\UserController@profileEdit",
      "middleware":"web\nauth\npanelGuard"
   },
   {
      "domain":null,
      "method":"GET|HEAD",
      "uri":"register",
      "name":"register",
      "action":"App\\Http\\Controllers\\Auth\\RegisterController@showRegistrationForm",
      "middleware":"web\nguest"
   },
   {
      "domain":null,
      "method":"POST",
      "uri":"register",
      "name":null,
      "action":"App\\Http\\Controllers\\Auth\\RegisterController@register",
      "middleware":"web\nguest"
   },
   {
      "domain":null,
      "method":"GET|HEAD",
      "uri":"reservation",
      "name":"reservation.index",
      "action":"App\\Http\\Controllers\\ReservationController@index",
      "middleware":"web\nauth\npanelGuard"
   },
   {
      "domain":null,
      "method":"POST",
      "uri":"reservation",
      "name":"reservation.store",
      "action":"App\\Http\\Controllers\\ReservationController@store",
      "middleware":"web\nauth\npanelGuard"
   },
   {
      "domain":null,
      "method":"GET|HEAD|POST|PUT|PATCH|DELETE|OPTIONS",
      "uri":"reservation\/checkout\/paymentCallback",
      "name":"home.reservation.paymentCallback",
      "action":"App\\Http\\Controllers\\HomeController@paymentCallback",
      "middleware":"web"
   },
   {
      "domain":null,
      "method":"GET|HEAD",
      "uri":"reservation\/create",
      "name":"reservation.create",
      "action":"App\\Http\\Controllers\\ReservationController@create",
      "middleware":"web\nauth\npanelGuard"
   },
   {
      "domain":null,
      "method":"GET|HEAD",
      "uri":"reservation\/track",
      "name":"home.reservation.track",
      "action":"App\\Http\\Controllers\\HomeController@track",
      "middleware":"web"
   },
   {
      "domain":null,
      "method":"POST",
      "uri":"reservation\/trackResult",
      "name":"home.reservation.trackResult",
      "action":"App\\Http\\Controllers\\HomeController@trackResult",
      "middleware":"web"
   },
   {
      "domain":null,
      "method":"PUT|PATCH",
      "uri":"reservation\/{reservation}",
      "name":"reservation.update",
      "action":"App\\Http\\Controllers\\ReservationController@update",
      "middleware":"web\nauth\npanelGuard"
   },
   {
      "domain":null,
      "method":"GET|HEAD",
      "uri":"reservation\/{reservation}",
      "name":"reservation.show",
      "action":"App\\Http\\Controllers\\ReservationController@show",
      "middleware":"web\nauth\npanelGuard"
   },
   {
      "domain":null,
      "method":"DELETE",
      "uri":"reservation\/{reservation}",
      "name":"reservation.destroy",
      "action":"App\\Http\\Controllers\\ReservationController@destroy",
      "middleware":"web\nauth\npanelGuard"
   },
   {
      "domain":null,
      "method":"GET|HEAD",
      "uri":"reservation\/{reservation}\/edit",
      "name":"reservation.edit",
      "action":"App\\Http\\Controllers\\ReservationController@edit",
      "middleware":"web\nauth\npanelGuard"
   },
   {
      "domain":null,
      "method":"GET|HEAD",
      "uri":"role",
      "name":"role.index",
      "action":"App\\Http\\Controllers\\RoleController@index",
      "middleware":"web\nauth\npanelGuard"
   },
   {
      "domain":null,
      "method":"POST",
      "uri":"role",
      "name":"role.store",
      "action":"App\\Http\\Controllers\\RoleController@store",
      "middleware":"web\nauth\npanelGuard"
   },
   {
      "domain":null,
      "method":"GET|HEAD",
      "uri":"role\/create",
      "name":"role.create",
      "action":"App\\Http\\Controllers\\RoleController@create",
      "middleware":"web\nauth\npanelGuard"
   },
   {
      "domain":null,
      "method":"DELETE",
      "uri":"role\/{role}",
      "name":"role.destroy",
      "action":"App\\Http\\Controllers\\RoleController@destroy",
      "middleware":"web\nauth\npanelGuard"
   },
   {
      "domain":null,
      "method":"GET|HEAD",
      "uri":"role\/{role}",
      "name":"role.show",
      "action":"App\\Http\\Controllers\\RoleController@show",
      "middleware":"web\nauth\npanelGuard"
   },
   {
      "domain":null,
      "method":"PUT|PATCH",
      "uri":"role\/{role}",
      "name":"role.update",
      "action":"App\\Http\\Controllers\\RoleController@update",
      "middleware":"web\nauth\npanelGuard"
   },
   {
      "domain":null,
      "method":"GET|HEAD",
      "uri":"role\/{role}\/edit",
      "name":"role.edit",
      "action":"App\\Http\\Controllers\\RoleController@edit",
      "middleware":"web\nauth\npanelGuard"
   },
   {
      "domain":null,
      "method":"GET|HEAD",
      "uri":"sendCredentials\/{id}",
      "name":"sendCredentials",
      "action":"App\\Http\\Controllers\\UserController@sendCredentials",
      "middleware":"web\nauth\npanelGuard"
   },
   {
      "domain":null,
      "method":"GET|HEAD",
      "uri":"user",
      "name":"user.index",
      "action":"App\\Http\\Controllers\\UserController@index",
      "middleware":"web\nauth\npanelGuard"
   },
   {
      "domain":null,
      "method":"POST",
      "uri":"user",
      "name":"user.store",
      "action":"App\\Http\\Controllers\\UserController@store",
      "middleware":"web\nauth\npanelGuard"
   },
   {
      "domain":null,
      "method":"GET|HEAD",
      "uri":"user\/create",
      "name":"user.create",
      "action":"App\\Http\\Controllers\\UserController@create",
      "middleware":"web\nauth\npanelGuard"
   },
   {
      "domain":null,
      "method":"GET|HEAD",
      "uri":"user\/{user}",
      "name":"user.show",
      "action":"App\\Http\\Controllers\\UserController@show",
      "middleware":"web\nauth\npanelGuard"
   },
   {
      "domain":null,
      "method":"DELETE",
      "uri":"user\/{user}",
      "name":"user.destroy",
      "action":"App\\Http\\Controllers\\UserController@destroy",
      "middleware":"web\nauth\npanelGuard"
   },
   {
      "domain":null,
      "method":"PUT|PATCH",
      "uri":"user\/{user}",
      "name":"user.update",
      "action":"App\\Http\\Controllers\\UserController@update",
      "middleware":"web\nauth\npanelGuard"
   },
   {
      "domain":null,
      "method":"GET|HEAD",
      "uri":"user\/{user}\/edit",
      "name":"user.edit",
      "action":"App\\Http\\Controllers\\UserController@edit",
      "middleware":"web\nauth\npanelGuard"
   },
   {
      "domain":null,
      "method":"GET|HEAD",
      "uri":"vclass",
      "name":"vclass.index",
      "action":"App\\Http\\Controllers\\VclassController@index",
      "middleware":"web\nauth\npanelGuard"
   },
   {
      "domain":null,
      "method":"POST",
      "uri":"vclass",
      "name":"vclass.store",
      "action":"App\\Http\\Controllers\\VclassController@store",
      "middleware":"web\nauth\npanelGuard"
   },
   {
      "domain":null,
      "method":"GET|HEAD",
      "uri":"vclass\/create",
      "name":"vclass.create",
      "action":"App\\Http\\Controllers\\VclassController@create",
      "middleware":"web\nauth\npanelGuard"
   },
   {
      "domain":null,
      "method":"PUT|PATCH",
      "uri":"vclass\/{vclass}",
      "name":"vclass.update",
      "action":"App\\Http\\Controllers\\VclassController@update",
      "middleware":"web\nauth\npanelGuard"
   },
   {
      "domain":null,
      "method":"DELETE",
      "uri":"vclass\/{vclass}",
      "name":"vclass.destroy",
      "action":"App\\Http\\Controllers\\VclassController@destroy",
      "middleware":"web\nauth\npanelGuard"
   },
   {
      "domain":null,
      "method":"GET|HEAD",
      "uri":"vclass\/{vclass}",
      "name":"vclass.show",
      "action":"App\\Http\\Controllers\\VclassController@show",
      "middleware":"web\nauth\npanelGuard"
   },
   {
      "domain":null,
      "method":"GET|HEAD",
      "uri":"vclass\/{vclass}\/edit",
      "name":"vclass.edit",
      "action":"App\\Http\\Controllers\\VclassController@edit",
      "middleware":"web\nauth\npanelGuard"
   },
   {
      "domain":null,
      "method":"GET|HEAD",
      "uri":"vehicle",
      "name":"vehicle.index",
      "action":"App\\Http\\Controllers\\VehicleController@index",
      "middleware":"web\nauth\npanelGuard"
   },
   {
      "domain":null,
      "method":"POST",
      "uri":"vehicle",
      "name":"vehicle.store",
      "action":"App\\Http\\Controllers\\VehicleController@store",
      "middleware":"web\nauth\npanelGuard"
   },
   {
      "domain":null,
      "method":"GET|HEAD",
      "uri":"vehicle\/create",
      "name":"vehicle.create",
      "action":"App\\Http\\Controllers\\VehicleController@create",
      "middleware":"web\nauth\npanelGuard"
   },
   {
      "domain":null,
      "method":"PUT|PATCH",
      "uri":"vehicle\/{vehicle}",
      "name":"vehicle.update",
      "action":"App\\Http\\Controllers\\VehicleController@update",
      "middleware":"web\nauth\npanelGuard"
   },
   {
      "domain":null,
      "method":"DELETE",
      "uri":"vehicle\/{vehicle}",
      "name":"vehicle.destroy",
      "action":"App\\Http\\Controllers\\VehicleController@destroy",
      "middleware":"web\nauth\npanelGuard"
   },
   {
      "domain":null,
      "method":"GET|HEAD",
      "uri":"vehicle\/{vehicle}",
      "name":"vehicle.show",
      "action":"App\\Http\\Controllers\\VehicleController@show",
      "middleware":"web\nauth\npanelGuard"
   },
   {
      "domain":null,
      "method":"GET|HEAD",
      "uri":"vehicle\/{vehicle}\/edit",
      "name":"vehicle.edit",
      "action":"App\\Http\\Controllers\\VehicleController@edit",
      "middleware":"web\nauth\npanelGuard"
   }
]